{
    "config": {
        "audio": "assets/sound/default_level.wav",
        "gravity": 0.7,
        "cell_size": 48,
        "player_speed": 4,
        "level_width": 50,
        "sprite_map": {
            "Player": "assets/images/player.json",
            "Square": "assets/images/square.json",
            "Triangle": "assets/images/triangle.json",
            "Bouncer": "assets/images/bouncer.json",
            "SizeFlipper": "assets/images/sizeflipper.json",
            "Static1": "assets/images/static1.json",
            "Static2": "assets/images/static2.json",
            "Finish": "assets/images/flag.json"
        }
    },
    "objects": [
        {
            "x": 17,
            "y": 5,
            "obj_name": "Triangle",
            "angle": 2
        },
        {
            "x": 15,
            "y": 9,
            "obj_name": "Static1",
            "angle": 0
        },
        {
            "x": 45,
            "y": 10,
            "obj_name": "Static2",
            "angle": 0
        },
        {
            "x": 12,
            "y": 0,
            "obj_name": "Square",
            "angle": 0
        },
        {
            "x": 13,
            "y": 0,
            "obj_name": "Square",
            "angle": 0
        },
        {
            "x": 14,
            "y": 0,
            "obj_name": "Square",
            "angle": 0
        },
        {
            "x": 15,
            "y": 0,
            "obj_name": "Square",
            "angle": 0
        },
        {
            "x": 16,
            "y": 0,
            "obj_name": "Square",
            "angle": 0
        },
        {
            "x": 17,
            "y": 0,
            "obj_name": "Square",
            "angle": 0
        },
        {
            "x": 18,
            "y": 1,
            "obj_name": "Square",
            "angle": 0
        },
        {
            "x": 17,
            "y": 1,
            "obj_name": "Square",
            "angle": 0
        },
        {
            "x": 18,
            "y": 0,
            "obj_name": "Square",
            "angle": 0
        },
        {
            "x": 19,
            "y": 0,
            "obj_name": "Square",
            "angle": 0
        },
        {
            "x": 19,
            "y": 1,
            "obj_name": "Square",
            "angle": 0
        },
        {
            "x": 20,
            "y": 2,
            "obj_name": "Square",
            "angle": 0
        },
        {
            "x": 21,
            "y": 2,
            "obj_name": "Square",
            "angle": 0
        },
        {
            "x": 21,
            "y": 1,
            "obj_name": "Square",
            "angle": 0
        },
        {
            "x": 20,
            "y": 1,
            "obj_name": "Square",
            "angle": 0
        },
        {
            "x": 20,
            "y": 0,
            "obj_name": "Square",
            "angle": 0
        },
        {
            "x": 21,
            "y": 0,
            "obj_name": "Square",
            "angle": 0
        },
        {
            "x": 22,
            "y": 0,
            "obj_name": "Square",
            "angle": 0
        },
        {
            "x": 22,
            "y": 1,
            "obj_name": "Square",
            "angle": 0
        },
        {
            "x": 22,
            "y": 2,
            "obj_name": "Square",
            "angle": 0
        },
        {
            "x": 23,
            "y": 2,
            "obj_name": "Square",
            "angle": 0
        },
        {
            "x": 24,
            "y": 2,
            "obj_name": "Square",
            "angle": 0
        },
        {
            "x": 25,
            "y": 2,
            "obj_name": "Square",
            "angle": 0
        },
        {
            "x": 23,
            "y": 1,
            "obj_name": "Square",
            "angle": 0
        },
        {
            "x": 26,
            "y": 2,
            "obj_name": "Square",
            "angle": 0
        },
        {
            "x": 27,
            "y": 2,
            "obj_name": "Square",
            "angle": 0
        },
        {
            "x": 28,
            "y": 2,
            "obj_name": "Square",
            "angle": 0
        },
        {
            "x": 29,
            "y": 2,
            "obj_name": "Square",
            "angle": 0
        },
        {
            "x": 30,
            "y": 2,
            "obj_name": "Square",
            "angle": 0
        },
        {
            "x": 31,
            "y": 2,
            "obj_name": "Square",
            "angle": 0
        },
        {
            "x": 32,
            "y": 2,
            "obj_name": "Square",
            "angle": 0
        },
        {
            "x": 33,
            "y": 2,
            "obj_name": "Square",
            "angle": 0
        },
        {
            "x": 34,
            "y": 2,
            "obj_name": "Square",
            "angle": 0
        },
        {
            "x": 35,
            "y": 2,
            "obj_name": "Square",
            "angle": 0
        },
        {
            "x": 36,
            "y": 2,
            "obj_name": "Square",
            "angle": 0
        },
        {
            "x": 37,
            "y": 2,
            "obj_name": "Square",
            "angle": 0
        },
        {
            "x": 38,
            "y": 2,
            "obj_name": "Square",
            "angle": 0
        },
        {
            "x": 39,
            "y": 2,
            "obj_name": "Square",
            "angle": 0
        },
        {
            "x": 40,
            "y": 2,
            "obj_name": "Square",
            "angle": 0
        },
        {
            "x": 41,
            "y": 2,
            "obj_name": "Square",
            "angle": 0
        },
        {
            "x": 42,
            "y": 2,
            "obj_name": "Square",
            "angle": 0
        },
        {
            "x": 27,
            "y": 3,
            "obj_name": "Triangle",
            "angle": 0
        },
        {
            "x": 35,
            "y": -1,
            "obj_name": "Triangle",
            "angle": 2
        },
        {
            "x": 34,
            "y": -1,
            "obj_name": "Triangle",
            "angle": 2
        },
        {
            "x": 31,
            "y": 3,
            "obj_name": "Triangle",
            "angle": 0
        },
        {
            "x": 37,
            "y": 3,
            "obj_name": "Triangle",
            "angle": 0
        },
        {
            "x": 43,
            "y": 3,
            "obj_name": "Square",
            "angle": 0
        },
        {
            "x": 44,
            "y": 3,
            "obj_name": "Square",
            "angle": 0
        },
        {
            "x": 45,
            "y": 4,
            "obj_name": "Square",
            "angle": 0
        },
        {
            "x": 46,
            "y": 4,
            "obj_name": "Square",
            "angle": 0
        },
        {
            "x": 47,
            "y": 4,
            "obj_name": "Square",
            "angle": 0
        },
        {
            "x": 48,
            "y": 5,
            "obj_name": "Square",
            "angle": 0
        },
        {
            "x": 49,
            "y": 5,
            "obj_name": "Square",
            "angle": 0
        },
        {
            "x": 52,
            "y": 5,
            "obj_name": "Square",
            "angle": 0
        },
        {
            "x": 53,
            "y": 5,
            "obj_name": "Square",
            "angle": 0
        },
        {
            "x": 56,
            "y": 5,
            "obj_name": "Square",
            "angle": 0
        },
        {
            "x": 57,
            "y": 5,
            "obj_name": "Square",
            "angle": 0
        },
        {
            "x": 59,
            "y": 3,
            "obj_name": "Square",
            "angle": 0
        },
        {
            "x": 60,
            "y": 3,
            "obj_name": "Square",
            "angle": 0
        },
        {
            "x": 61,
            "y": 3,
            "obj_name": "Square",
            "angle": 0
        },
        {
            "x": 61,
            "y": 4,
            "obj_name": "Triangle",
            "angle": 0
        },
        {
            "x": 65,
            "y": 2,
            "obj_name": "Triangle",
            "angle": 0
        },
        {
            "x": 64,
            "y": 1,
            "obj_name": "Square",
            "angle": 0
        },
        {
            "x": 65,
            "y": 1,
            "obj_name": "Square",
            "angle": 0
        },
        {
            "x": 63,
            "y": 1,
            "obj_name": "Square",
            "angle": 0
        },
        {
            "x": 69,
            "y": 0,
            "obj_name": "Triangle",
            "angle": 0
        },
        {
            "x": 69,
            "y": 4,
            "obj_name": "Triangle",
            "angle": 2
        },
        {
            "x": 69,
            "y": 5,
            "obj_name": "Square",
            "angle": 2
        },
        {
            "x": 72,
            "y": 5,
            "obj_name": "Square",
            "angle": 2
        },
        {
            "x": 72,
            "y": 4,
            "obj_name": "Triangle",
            "angle": 2
        },
        {
            "x": 72,
            "y": 0,
            "obj_name": "Triangle",
            "angle": 0
        },
        {
            "x": 76,
            "y": 0,
            "obj_name": "Square",
            "angle": 0
        },
        {
            "x": 77,
            "y": 0,
            "obj_name": "Square",
            "angle": 0
        },
        {
            "x": 78,
            "y": 0,
            "obj_name": "Square",
            "angle": 0
        },
        {
            "x": 78,
            "y": 1,
            "obj_name": "Triangle",
            "angle": 0
        },
        {
            "x": 79,
            "y": 1,
            "obj_name": "Square",
            "angle": 0
        },
        {
            "x": 80,
            "y": 1,
            "obj_name": "Square",
            "angle": 0
        },
        {
            "x": 81,
            "y": 1,
            "obj_name": "Square",
            "angle": 0
        },
        {
            "x": 81,
            "y": 2,
            "obj_name": "Triangle",
            "angle": 0
        },
        {
            "x": 82,
            "y": 2,
            "obj_name": "Square",
            "angle": 0
        },
        {
            "x": 83,
            "y": 2,
            "obj_name": "Square",
            "angle": 0
        },
        {
            "x": 84,
            "y": 2,
            "obj_name": "Square",
            "angle": 0
        },
        {
            "x": 84,
            "y": 3,
            "obj_name": "Triangle",
            "angle": 0
        },
        {
            "x": 85,
            "y": 3,
            "obj_name": "Square",
            "angle": 0
        },
        {
            "x": 86,
            "y": 3,
            "obj_name": "Square",
            "angle": 0
        },
        {
            "x": 87,
            "y": 3,
            "obj_name": "Square",
            "angle": 0
        },
        {
            "x": 87,
            "y": 4,
            "obj_name": "Triangle",
            "angle": 0
        },
        {
            "x": 88,
            "y": 4,
            "obj_name": "Square",
            "angle": 0
        },
        {
            "x": 89,
            "y": 4,
            "obj_name": "Square",
            "angle": 0
        },
        {
            "x": 90,
            "y": 4,
            "obj_name": "Square",
            "angle": 0
        },
        {
            "x": 90,
            "y": 5,
            "obj_name": "Triangle",
            "angle": 0
        },
        {
            "x": 91,
            "y": -1,
            "obj_name": "Triangle",
            "angle": 0
        },
        {
            "x": 93,
            "y": 6,
            "obj_name": "Triangle",
            "angle": 3
        },
        {
            "x": 93,
            "y": 7,
            "obj_name": "Triangle",
            "angle": 3
        },
        {
            "x": 93,
            "y": 8,
            "obj_name": "Triangle",
            "angle": 3
        },
        {
            "x": 94,
            "y": 5,
            "obj_name": "Triangle",
            "angle": 2
        },
        {
            "x": 94,
            "y": 6,
            "obj_name": "Square",
            "angle": 2
        },
        {
            "x": 94,
            "y": 7,
            "obj_name": "Square",
            "angle": 2
        },
        {
            "x": 94,
            "y": 8,
            "obj_name": "Square",
            "angle": 2
        },
        {
            "x": 98,
            "y": 2,
            "obj_name": "Finish",
            "angle": 0
        },
        {
            "x": 98,
            "y": 1,
            "obj_name": "Square",
            "angle": 0
        },
        {
            "x": 97,
            "y": 1,
            "obj_name": "Square",
            "angle": 0
        },
        {
            "x": 96,
            "y": 1,
            "obj_name": "Square",
            "angle": 0
        },
        {
            "x": 95,
            "y": 1,
            "obj_name": "Square",
            "angle": 0
        },
        {
            "x": 94,
            "y": 1,
            "obj_name": "Square",
            "angle": 0
        },
        {
            "x": 93,
            "y": 1,
            "obj_name": "Square",
            "angle": 0
        },
        {
            "x": 92,
            "y": 1,
            "obj_name": "Square",
            "angle": 0
        },
        {
            "x": 99,
            "y": 1,
            "obj_name": "Square",
            "angle": 0
        },
        {
            "x": 100,
            "y": 1,
            "obj_name": "Square",
            "angle": 0
        },
        {
            "x": 100,
            "y": 2,
            "obj_name": "Square",
            "angle": 0
        },
        {
            "x": 100,
            "y": 3,
            "obj_name": "Square",
            "angle": 0
        },
        {
            "x": 100,
            "y": 4,
            "obj_name": "Square",
            "angle": 0
        },
        {
            "x": 100,
            "y": 5,
            "obj_name": "Square",
            "angle": 0
        },
        {
            "x": 100,
            "y": 6,
            "obj_name": "Square",
            "angle": 0
        },
        {
            "x": 100,
            "y": 7,
            "obj_name": "Square",
            "angle": 0
        },
        {
            "x": 100,
            "y": 8,
            "obj_name": "Square",
            "angle": 0
        },
        {
            "x": 100,
            "y": 9,
            "obj_name": "Square",
            "angle": 0
        }
    ]
}
